id,date,printer_model,cabinet_number,computer_number,created_at,updated_at
1,2026-04-03,Pantum 5100,26,дальний справа,2026-04-03 10:42:08,2026-04-03 10:42:08
2,2026-04-01,Xerox Phaser 3020,Тухачевского 41,-,2026-04-03 11:32:50,2026-04-03 11:32:50
3,2026-04-01,Xerox Phaser 3020,Тухачевского 41,-,2026-04-03 11:33:37,2026-04-03 11:33:56
4,2026-04-01,Xerox Phaser 3020,Тухачевского 41,-,2026-04-03 11:34:41,2026-04-03 11:34:41
8,2026-04-06,Pantum 5100,24,дальний у окна,2026-04-06 09:16:51,2026-04-06 09:16:51
9,2026-04-08,Xerox Phaser 3020,08,-,2026-04-08 13:04:31,2026-07-02 07:57:58
10,2026-04-16,Pantum 5100,Среднеохтинский 1,-,2026-04-16 06:47:09,2026-04-16 06:47:09
11,2026-04-16,Pantum 5100,Среднеохтинский 1,-,2026-04-16 06:47:19,2026-04-16 06:47:19
12,2026-04-16,Pantum 5100,Тухачевского 41,-,2026-04-16 07:17:34,2026-04-16 07:17:34
13,2026-04-16,Pantum 5100,Тухачевского 41,-,2026-04-16 07:17:43,2026-04-16 07:17:43
14,2026-04-16,Pantum 5100,Тухачевского 41,-,2026-04-16 07:17:49,2026-04-16 07:17:49
15,2026-04-16,Pantum 5100,Тухачевского 41,-,2026-04-16 07:17:56,2026-04-16 07:17:56
16,2026-04-16,Pantum 5100,Тухачевского 41,-,2026-04-16 07:18:02,2026-04-16 07:18:02
17,2026-04-16,HP P1505,Заневский 15,-,2026-04-16 08:56:50,2026-04-16 08:56:50
18,2026-04-16,Xerox Phaser 3020,Заневский 15,-,2026-04-16 11:43:38,2026-04-16 11:43:38
19,2026-04-16,Pantum 5100,13,слева,2026-04-16 11:47:39,2026-04-16 11:47:39
20,2026-04-17,Pantum 5100,09,-,2026-04-17 12:01:29,2026-07-02 07:58:07
21,2026-04-20,Pantum 5100,Механизация,-,2026-04-20 10:38:35,2026-04-20 10:38:35
22,2026-04-20,Pantum 5100,Механизация,-,2026-04-20 10:38:44,2026-04-20 10:38:44
23,2026-04-21,Pantum 5100,Механизация,-,2026-04-21 07:54:03,2026-04-21 07:54:03
24,2026-04-21,Pantum 5100,29,слева,2026-04-21 08:05:30,2026-04-21 08:05:30
25,2026-04-22,Pantum 5100,43,слева,2026-04-22 12:11:43,2026-04-22 12:11:43
26,2026-04-29,Pantum 5100,Заневский 15,-,2026-04-29 13:17:10,2026-04-29 13:17:10
27,2026-04-29,Pantum 5100,Заневский 15,-,2026-04-29 13:17:27,2026-04-29 13:17:27
28,2026-04-29,Katusha M247,22,-,2026-04-29 13:23:58,2026-04-29 13:23:58
30,2026-04-30,Kyocera M2035,Среднеохтинский 1,-,2026-04-30 08:10:35,2026-04-30 08:10:35
31,2026-04-30,Kyocera M2035,Среднеохтинский 1,-,2026-04-30 08:11:31,2026-04-30 08:11:31
32,2026-05-04,Pantum 5100,33,слева у окна,2026-05-04 07:42:00,2026-05-04 07:42:00
33,2026-05-04,HP P1505,07,-,2026-05-04 09:09:35,2026-07-02 07:58:14
34,2026-05-04,Xerox Phaser 3020,33А,-,2026-05-04 14:57:38,2026-05-04 14:57:38
35,2026-05-08,Xerox Phaser 3020,16,-,2026-05-08 12:41:20,2026-05-08 12:41:20
36,2026-05-12,Pantum 5100,32,справа за дверью,2026-05-12 07:16:28,2026-05-12 07:16:28
37,2026-05-25,Xerox Phaser 3020,39,дальний справа,2026-05-25 14:45:13,2026-05-25 14:45:13
38,2026-05-26,Samsung 101,28,справа,2026-05-26 13:28:31,2026-05-26 13:28:31
39,2026-05-27,Pantum 5100,39,ближний справа,2026-05-27 12:14:46,2026-05-27 12:14:46
40,2026-05-27,Samsung 111,13,слева,2026-05-27 12:15:12,2026-05-27 12:15:12
41,2026-05-28,Katusha M247,12,ближний,2026-05-28 06:26:27,2026-05-28 06:26:27
42,2026-05-28,Katusha M247,12,дальний,2026-05-28 06:26:41,2026-05-28 06:26:41
43,2026-05-28,Katusha M247,43,дальний справа,2026-05-28 12:36:53,2026-05-28 12:36:53
44,2026-05-28,HP P1505,24,дальний у стены,2026-05-28 13:09:09,2026-05-28 13:09:09
45,2026-05-29,Pantum 5100,Синявинская 26,-,2026-05-29 06:26:45,2026-05-29 06:26:45
46,2026-05-29,Pantum 5100,Синявинская 26,-,2026-05-29 06:26:55,2026-05-29 06:26:55
47,2026-05-29,Pantum 5100,Синявинская 26,-,2026-05-29 06:27:04,2026-05-29 06:27:04
48,2026-05-29,Pantum 5100,Синявинская 26,-,2026-05-29 06:27:13,2026-05-29 06:27:13
49,2026-05-29,Katusha M240,Заневский 15,-,2026-05-29 09:40:22,2026-05-29 09:40:22
50,2026-05-29,Katusha M240,Заневский 15,-,2026-05-29 09:40:28,2026-05-29 09:40:28
51,2026-05-29,Katusha M240,Заневский 15,-,2026-05-29 09:40:36,2026-05-29 09:40:36
52,2026-05-29,Katusha M247,Среднеохтинский 1,-,2026-05-29 11:22:08,2026-05-29 11:22:08
53,2026-06-01,Katusha M247,Механизация,-,2026-06-01 12:03:55,2026-06-02 12:10:11
54,2026-06-01,Katusha M247,Механизация,-,2026-06-01 12:04:02,2026-06-02 12:10:19
55,2026-06-02,Katusha M240,Тухачевского 41,-,2026-06-02 06:36:34,2026-06-02 06:36:34
56,2026-06-02,Katusha M240,Заневский 15,-,2026-06-02 12:10:46,2026-06-02 12:10:46
57,2026-06-02,Pantum 5100,Заневский 15,-,2026-06-02 12:10:55,2026-06-02 12:10:55
58,2026-06-02,Pantum 5100,Заневский 15,-,2026-06-02 12:11:09,2026-06-02 12:11:09
59,2026-06-02,Katusha M247,40,ближний слева,2026-06-02 12:11:33,2026-06-02 12:11:33
60,2026-06-02,Kyocera TK-1140,Ударников 20,-,2026-06-02 12:56:26,2026-06-02 12:56:26
61,2026-06-02,Kyocera TK-1140,Ударников 20,-,2026-06-02 12:56:37,2026-06-02 12:56:37
62,2026-06-02,Pantum 5100,Ударников 20,-,2026-06-02 12:56:47,2026-06-02 12:56:47
63,2026-06-02,Pantum 5100,Ударников 20,-,2026-06-02 12:56:54,2026-06-02 12:57:45
64,2026-06-02,Katusha M247,Ударников 20,-,2026-06-02 12:57:56,2026-06-02 12:57:56
65,2026-06-03,HP P1505,Заневский 15,-,2026-06-03 09:36:47,2026-06-03 09:36:47
66,2026-06-03,Pantum 5100,01,-,2026-06-03 09:37:01,2026-07-02 07:58:26
67,2026-06-04,Katusha M240,Тухачевского 41,-,2026-06-04 08:15:26,2026-06-04 08:15:26
68,2026-06-04,Katusha M240,Тухачевского 41,-,2026-06-04 08:15:35,2026-06-04 08:15:35
69,2026-06-04,Katusha M240,Ударников 39,-,2026-06-04 08:15:57,2026-06-04 08:15:57
70,2026-06-04,Katusha M240,Ударников 39,-,2026-06-04 08:16:05,2026-06-04 08:16:05
71,2026-06-04,Katusha M240,Ленская 8,-,2026-06-04 08:16:55,2026-06-04 08:16:55
72,2026-06-04,Katusha M240,Ленская 8,-,2026-06-04 08:17:09,2026-06-04 08:17:09
73,2026-06-05,Katusha M247,41,ближний справа,2026-06-05 09:39:24,2026-06-05 09:39:24
74,2026-06-05,Katusha P133,33,справа у окна,2026-06-05 09:46:25,2026-06-05 09:46:25
75,2026-06-08,Katusha M240,06Б,-,2026-06-08 07:32:08,2026-07-02 07:58:32
76,2026-06-08,Katusha M240 (барабан),02,-,2026-06-08 07:32:34,2026-07-02 07:58:37
77,2026-06-09,Pantum 5100,35,справа,2026-06-09 06:08:41,2026-06-09 06:08:41
78,2026-06-09,Katusha M247,32,прямо,2026-06-09 11:28:55,2026-06-09 11:28:55
79,2026-06-09,Pantum 5100,05,-,2026-06-09 13:55:45,2026-07-02 07:58:43
80,2026-06-10,Pantum 5100,13,слева,2026-06-10 11:35:25,2026-06-10 11:35:25
81,2026-06-11,Xerox Phaser 3020,27,дальний левый,2026-06-11 07:21:15,2026-06-11 07:21:15
82,2026-06-15,Pantum 5100,11,слева,2026-06-15 13:48:48,2026-06-15 13:48:48
83,2026-06-15,Katusha M240,41,дальний слева,2026-06-15 13:53:02,2026-06-15 13:53:02
84,2026-06-17,Pantum 5100,06A,ближний справа,2026-06-17 11:44:24,2026-07-02 07:59:38
85,2026-06-17,Pantum 5100 (барабан),06A,ближний справа,2026-06-17 11:44:42,2026-07-02 07:59:33
86,2026-06-18,Pantum 5100,01,-,2026-06-18 08:59:55,2026-07-02 07:58:50
87,2026-06-18,Katusha M247,10,-,2026-06-18 11:24:43,2026-06-18 11:24:43
88,2026-06-18,Pantum 5100,43,слева,2026-06-18 11:25:54,2026-06-18 11:25:54
89,2026-06-19,Katusha M240,13,справа,2026-06-19 13:47:45,2026-06-19 13:47:45
90,2026-06-22,Katusha M240,16,-,2026-06-22 09:05:26,2026-06-22 09:05:26
91,2026-06-22,Pantum 5100,24,дальний у окна,2026-06-22 14:54:44,2026-06-22 14:54:44
92,2026-06-24,Katusha M247,Заневский 15,-,2026-06-24 08:02:52,2026-06-24 08:02:52
93,2026-06-24,HP Q2612,24,дальний у стены,2026-06-24 08:03:53,2026-06-24 08:03:53
94,2026-06-25,Katusha M247,36,ближний,2026-06-25 11:32:54,2026-06-25 11:32:54
95,2026-06-26,Pantum 5100,05,-,2026-06-26 13:30:55,2026-07-02 07:58:56
96,2026-06-26,Katusha M247,06A,по центру,2026-06-26 13:32:26,2026-07-02 07:59:08
97,2026-06-29,HP Q2612,45,ближний слева,2026-06-29 11:30:03,2026-06-29 11:30:03
98,2026-06-30,Pantum 5100,09,перед входом,2026-06-30 10:55:30,2026-07-02 07:59:03
99,2026-06-30,Katusha M240,Тухачевского 41,-,2026-06-30 12:50:11,2026-06-30 12:50:11
100,2026-06-30,Katusha M240,Тухачевского 41,-,2026-06-30 12:50:19,2026-06-30 12:50:19
101,2026-07-03,Katusha M247,35,слева,2026-07-03 06:54:10,2026-07-03 06:54:10
102,2026-07-03,Katusha M247,08,слева,2026-07-03 08:58:09,2026-07-03 08:58:09
103,2026-07-06,Xerox Phaser 3020,39,дальний справа,2026-07-06 06:58:49,2026-07-06 06:58:49
104,2026-07-06,Katusha M247,09,самый дальний,2026-07-06 07:21:00,2026-07-06 07:21:00
105,2026-07-06,Katusha M240,Синявинская 26,-,2026-07-06 08:27:50,2026-07-06 08:27:50
106,2026-07-06,Katusha M240,Синявинская 26,-,2026-07-06 08:27:58,2026-07-06 08:27:58
107,2026-07-07,Katusha M240,05,-,2026-07-07 07:15:26,2026-07-07 07:15:26
108,2026-07-07,Pantum 5100,29,справа,2026-07-07 07:30:49,2026-07-07 07:30:49
109,2026-07-07,Pantum 5100,09,по диагонали,2026-07-07 07:59:36,2026-07-07 07:59:36
110,2026-07-07,Pantum 5100,01,-,2026-07-07 08:52:28,2026-07-07 08:52:28
111,2026-07-07,Katusha M240,Заневский 15,-,2026-07-07 11:49:41,2026-07-07 11:49:41
112,2026-07-07,Katusha M240,Заневский 15,-,2026-07-07 11:49:47,2026-07-07 11:49:47
113,2026-07-07,Pantum 5100,Заневский 15,-,2026-07-07 11:50:13,2026-07-07 11:50:13
114,2026-07-07,Pantum 5100,Заневский 15,-,2026-07-07 11:50:21,2026-07-07 11:50:21
115,2026-07-07,Kyocera M6230,Синявинская 26,-,2026-07-07 11:51:10,2026-07-08 07:10:23
116,2026-07-07,Xerox Phaser 3020,Заневский 15,-,2026-07-07 11:51:22,2026-07-07 11:51:22
117,2026-07-08,Katusha M247,40,ближний слева,2026-07-08 11:45:12,2026-07-08 11:45:12
